Timestamp,Mood
2025-10-03 15:53:20,Happy
2025-10-03 15:53:57,Sad
2025-10-03 15:54:04,Sad
2025-10-03 15:54:56,Relaxed
2025-10-03 15:58:39,Sad
2025-10-03 15:58:50,Happy
2025-10-03 15:58:54,Happy
2025-10-03 15:58:55,Happy
2025-10-03 15:58:56,Happy
2025-10-03 15:58:57,Happy
2025-10-03 15:58:57,Happy
2025-10-03 16:00:55,Happy
2025-10-03 16:01:02,Sad
2025-10-03 16:01:04,Sad
2025-10-03 16:01:05,Sad
2025-10-03 16:01:05,Sad
2025-10-03 16:01:06,Sad
2025-10-03 16:01:06,Sad
2025-10-03 16:01:06,Sad
2025-10-03 16:01:07,Sad
2025-10-03 16:01:07,Sad
2025-10-03 16:01:07,Sad
2025-10-03 16:01:07,Sad
2025-10-03 16:01:08,Sad
2025-10-03 16:01:08,Sad
2025-10-03 16:01:08,Sad
2025-10-03 16:01:09,Sad
2025-10-03 16:01:10,Sad
2025-10-03 16:01:21,Sad
2025-10-03 16:01:36,Happy
2025-10-03 16:01:55,Sad
2025-10-03 16:03:26,Happy
2025-10-03 16:03:34,Sad
2025-10-03 16:03:38,Sad
2025-10-03 16:03:38,Sad
2025-10-03 16:03:39,Sad
2025-10-03 16:03:39,Sad
2025-10-03 16:04:59,Happy
2025-10-03 16:05:05,Sad
2025-10-03 16:05:07,Sad
2025-10-03 16:05:23,Relaxed
2025-10-03 16:06:43,Relaxed
2025-10-03 16:06:53,Happy
2025-10-03 16:06:59,Sad
2025-10-11 12:34:03,Sad
